2024-12-01 01:39:05,2,https://res.cloudinary.com/dbaacvp3e/image/upload/v1732997345/igrx91mwrpnke8ldceit.png
2024-12-01 01:39:17,2,https://res.cloudinary.com/dbaacvp3e/image/upload/v1732997357/ifjizsaf6oxgfgoyibmh.png
2024-12-01 01:41:53,2,https://res.cloudinary.com/dbaacvp3e/image/upload/v1732997512/vy54ftpplakhlfhxoxwp.png
2024-12-01 01:50:29,afraz,https://res.cloudinary.com/dbaacvp3e/image/upload/v1732998029/mb5xincv4mdhi0i6pgjt.png
2024-12-01 01:50:41,afraz,https://res.cloudinary.com/dbaacvp3e/image/upload/v1732998041/y5mooezqxxj8xunlakx8.png
2024-12-01 02:06:36,afraz,https://res.cloudinary.com/dbaacvp3e/image/upload/v1732998995/uabjmajyprywqr3hbol7.png
2024-12-01 02:38:03,afraz,https://res.cloudinary.com/dbaacvp3e/image/upload/v1733000882/eiobzsn1ktjoyyrdevsf.png
2024-12-01 02:38:44,afraz,https://res.cloudinary.com/dbaacvp3e/image/upload/v1733000924/sdtdcbcnims2ec6hjnk7.png
2024-12-01 12:34:41,1,https://res.cloudinary.com/dbaacvp3e/image/upload/v1733036681/c6fvwvs84m7iuhvaaor6.png
2024-12-01 13:27:35,1,https://res.cloudinary.com/dbaacvp3e/image/upload/v1733039855/e9nvphsirwjuuglhqrk6.png
2024-12-01 16:13:05,Bhandup,https://res.cloudinary.com/dbaacvp3e/image/upload/v1733049788/hlvj9hk6vur1wtxt9a6h.png
2024-12-01 16:13:51,Bhandup,https://res.cloudinary.com/dbaacvp3e/image/upload/v1733049833/swsajv5op3vi7cyvcv1w.png
2024-12-01 16:14:50,Bhandup,https://res.cloudinary.com/dbaacvp3e/image/upload/v1733049893/ixgqxroey6b6l4wjjken.png
2024-12-04 13:41:41,bhandup,https://res.cloudinary.com/dbaacvp3e/image/upload/v1733299900/ogy8okr9zkv3m4vjyaym.png
2024-12-04 14:12:12,VIT,https://res.cloudinary.com/dbaacvp3e/image/upload/v1733301731/xwggc2uttrmea6ggak6z.png
2024-12-04 14:12:50,VIT,https://res.cloudinary.com/dbaacvp3e/image/upload/v1733301769/qxgjtfepyqmb2rab1vca.png
2024-12-04 14:17:44,room,https://res.cloudinary.com/dbaacvp3e/image/upload/v1733302062/iqu7ncvfjchk7cko5dxs.png
2024-12-04 14:18:13,room,https://res.cloudinary.com/dbaacvp3e/image/upload/v1733302092/s8jcw9ohrs6kzvq6ajyc.png
2024-12-04 14:18:26,room,https://res.cloudinary.com/dbaacvp3e/image/upload/v1733302104/lvvlyzjjgo9qbipljuxb.png
2024-12-04 15:01:54,vidyalankar,https://res.cloudinary.com/dbaacvp3e/image/upload/v1733304710/hdjmt2fqqmgjjexiqtqs.png
2024-12-04 15:16:30,vit,https://res.cloudinary.com/dbaacvp3e/image/upload/v1733305589/uhdk5gwtq2wkkqatlos5.png
2024-12-04 17:04:20,kqnchan,https://res.cloudinary.com/dbaacvp3e/image/upload/v1733312058/zj9usdrf4wqmwdug8uc4.png
2024-12-04 17:04:44,kqnchan,https://res.cloudinary.com/dbaacvp3e/image/upload/v1733312083/whcjt6hq7sjyt3uiper7.png
2024-12-04 18:49:46,test,https://res.cloudinary.com/dbaacvp3e/image/upload/v1733318385/vdl9kqpzqdstiobnyqqw.png
2024-12-04 18:51:16,test,https://res.cloudinary.com/dbaacvp3e/image/upload/v1733318476/cnvv0xagcm28jagswqfn.png
2024-12-04 18:51:59,test,https://res.cloudinary.com/dbaacvp3e/image/upload/v1733318517/udorjzyiize5pcbergno.png
2024-12-04 18:52:39,test,https://res.cloudinary.com/dbaacvp3e/image/upload/v1733318558/lcy08gmbpp58ojftjfhs.png
2024-12-04 19:51:12,test2,https://res.cloudinary.com/dbaacvp3e/image/upload/v1733322071/hnfa4tifrkrflmlwly4g.png
2024-12-04 19:51:54,test2,https://res.cloudinary.com/dbaacvp3e/image/upload/v1733322112/ecs8h4xcnuwroi97jtfp.png
2024-12-04 21:58:21,Unknown,https://res.cloudinary.com/dbaacvp3e/image/upload/v1733329701/zpgc1vdxmnbvlizafsy4.png
2024-12-04 23:32:56,room,https://res.cloudinary.com/dbaacvp3e/image/upload/v1733335361/mapqwziezks6ky0uxmby.png
2024-12-04 23:37:53,trialsos,https://res.cloudinary.com/dbaacvp3e/image/upload/v1733335670/gq6gcv4fhqfjspi4jw2x.png
2024-12-04 23:38:48,trialsos,https://res.cloudinary.com/dbaacvp3e/image/upload/v1733335728/bujqgnltktkhjx4oa7di.png
2024-12-05 00:41:36,wadala,https://res.cloudinary.com/dbaacvp3e/image/upload/v1733339496/egcu5tes2xslbxdcxoqm.png
2024-12-05 17:07:56,121,https://res.cloudinary.com/dbaacvp3e/image/upload/v1733398676/sneo9mlvytfmwxsif1zv.png
2024-12-05 20:05:57,Unknown,https://res.cloudinary.com/dbaacvp3e/image/upload/v1733409357/d0wcmsezku5ylwvvxpvv.png
2024-12-06 22:22:50,test,https://res.cloudinary.com/dbaacvp3e/image/upload/v1733503927/x5ns84toysipyisfhoj8.png
2024-12-06 22:44:49,testing,https://res.cloudinary.com/dbaacvp3e/image/upload/v1733505246/mxs8e611zxyegmfkucvg.png
2024-12-06 23:08:44,shahad,https://res.cloudinary.com/dbaacvp3e/image/upload/v1733506683/r0x6mukakl16wyim9kqg.png
2024-12-06 23:16:25,ui,https://res.cloudinary.com/dbaacvp3e/image/upload/v1733507143/xuerwymtln2tzaie4tn0.png
